duration,credit_amount,age,checking_status_'<0',checking_status_'no checking',credit_history_'critical/other existing credit',credit_history_'no credits/all paid',purpose_'new car',purpose_radio/tv,savings_status_'<100',property_magnitude_'no known property',property_magnitude_'real estate',other_payment_plans_none,housing_own,housing_rent,class_good
60,6836,63,True,False,False,False,False,False,True,True,False,True,True,False,False
21,2319,33,False,False,True,False,False,False,True,False,False,True,False,True,False
6,1236,50,False,True,False,False,False,False,False,False,False,True,False,True,True
21,5003,29,False,True,False,True,True,False,False,False,False,False,True,False,False
12,886,21,False,True,False,False,False,True,False,False,False,True,True,False,True
24,1442,23,True,False,False,False,True,False,True,False,False,True,False,True,False
6,2978,32,False,True,False,False,False,False,False,False,False,True,True,False,True
24,2359,33,True,False,False,False,False,False,False,False,False,True,True,False,False
24,2996,20,True,False,False,False,False,False,False,False,False,True,True,False,False
18,3780,35,False,True,True,False,False,False,True,False,False,True,True,False,True
27,5190,48,False,True,False,False,False,False,False,False,False,True,True,False,True
36,4795,30,False,False,False,False,False,True,True,True,False,True,True,False,True
12,697,46,True,False,False,False,True,False,True,False,False,False,True,False,False
18,4165,36,False,True,False,True,False,False,True,False,False,False,True,False,False
14,3973,22,True,False,False,False,True,False,True,True,False,True,False,False,True
18,1864,30,False,True,True,False,False,False,False,False,True,True,True,False,False
6,1047,50,False,False,True,False,False,False,True,False,False,True,True,False,True
18,433,22,False,True,False,False,False,True,True,False,True,True,False,True,False
36,3711,27,False,False,False,False,False,False,False,False,False,True,True,False,True
9,1206,25,False,False,False,False,False,True,True,False,True,True,True,False,True
6,1543,33,False,True,False,False,False,False,False,False,True,True,True,False,True
4,3380,37,False,True,True,False,True,False,True,False,True,True,True,False,True
24,1258,57,False,False,False,False,False,True,False,False,False,True,True,False,True
12,2073,28,False,True,False,False,False,True,False,False,True,True,True,False,True
21,2606,28,True,False,False,False,False,True,True,False,False,True,False,True,True
12,2096,49,False,True,True,False,False,False,True,False,True,True,True,False,True
12,1255,61,False,True,True,False,True,False,True,False,True,True,True,False,True
9,1236,23,False,True,False,False,False,False,True,False,True,True,False,True,True
24,1278,36,False,True,False,False,False,True,True,False,True,True,True,False,True
6,1374,75,True,False,False,False,True,False,False,False,False,True,True,False,True
10,3949,37,False,False,False,False,True,False,True,False,False,True,True,False,True
12,2390,50,False,True,False,False,True,False,False,False,False,True,True,False,True
24,1201,26,False,False,False,False,True,False,True,False,False,True,True,False,True
15,2788,24,False,True,True,False,False,False,True,False,False,False,True,False,True
12,1264,57,False,True,True,False,False,False,False,True,False,True,False,True,True
24,4020,27,True,False,False,False,False,False,True,False,False,False,True,False,True
9,2507,51,False,True,False,False,True,False,False,True,False,True,False,False,True
24,2397,35,False,True,False,False,False,True,False,False,False,False,True,False,False
27,3915,36,False,False,False,False,False,False,True,False,False,True,True,False,False
48,11590,24,False,True,True,False,False,False,False,False,False,False,False,True,False
42,7882,45,True,False,False,False,False,False,True,False,False,True,False,False,True
12,1495,38,False,True,True,False,True,False,True,False,True,True,True,False,True
24,2255,54,False,True,False,False,True,False,False,False,False,True,True,False,True
9,1549,35,False,False,False,False,True,False,False,False,True,True,True,False,True
30,4811,24,False,True,False,False,False,False,False,False,False,False,False,True,True
14,1410,35,False,False,False,False,False,False,False,False,True,True,True,False,True
5,3448,74,False,True,False,False,False,False,True,False,True,True,True,False,True
11,4771,51,False,False,False,False,False,True,True,False,False,True,True,False,True
10,2315,52,True,False,False,False,False,True,True,False,True,True,True,False,True
48,4788,26,True,False,False,False,False,False,True,False,False,True,True,False,True
18,1568,24,False,True,False,False,False,False,False,False,False,True,False,True,True
15,1569,34,False,True,False,False,False,True,False,False,False,False,True,False,True
40,5998,27,True,False,True,False,False,False,True,True,False,False,True,False,False
18,1169,29,False,True,True,False,False,True,False,False,False,True,True,False,True
12,1223,46,False,False,False,False,True,False,True,False,True,True,False,True,False
18,2659,28,True,False,False,False,False,False,False,False,False,True,True,False,True
6,700,36,False,True,True,False,False,True,False,True,False,True,False,False,True
10,2848,32,False,True,False,False,False,False,False,False,True,True,True,False,True
9,1366,22,True,False,False,False,False,True,True,False,False,True,False,True,False
36,9055,35,False,True,False,False,False,False,False,True,False,True,False,False,True
24,1987,21,True,False,False,False,False,True,True,False,True,True,False,True,False
24,2924,63,True,False,False,False,False,False,True,True,False,False,True,False,True
18,2622,34,False,False,False,False,False,False,False,False,False,True,True,False,True
36,6304,36,False,True,True,False,False,False,False,False,True,True,True,False,True
36,4463,26,False,True,False,False,False,True,True,False,False,True,True,False,False
36,7409,37,False,True,False,False,False,False,False,False,False,True,True,False,True
24,717,54,False,True,False,False,True,False,False,False,False,True,True,False,True
20,2212,39,True,False,False,False,False,False,False,False,False,True,True,False,True
18,1553,44,True,False,False,False,False,False,True,False,False,False,True,False,False
18,12976,38,False,False,False,False,False,False,True,True,False,True,False,False,False
12,1934,26,False,True,True,False,False,True,True,True,False,True,True,False,True
33,4281,23,True,False,True,False,False,False,False,False,False,True,True,False,False
16,2625,43,True,False,True,False,True,False,True,False,False,False,False,True,False
6,666,39,True,False,True,False,True,False,False,False,True,True,True,False,True
24,3488,23,False,True,False,False,False,False,False,False,False,True,True,False,True
30,5234,28,False,False,True,False,True,False,True,False,False,True,True,False,False
6,1382,28,False,True,True,False,False,True,True,False,False,True,True,False,True
36,3349,28,False,True,False,False,False,False,True,False,False,True,True,False,False
15,1213,47,False,True,False,False,False,True,False,False,False,False,True,False,True
12,836,23,False,False,False,False,True,False,False,False,False,False,True,False,False
12,1289,21,True,False,False,False,False,False,True,False,False,True,True,False,True
12,1258,22,False,True,True,False,False,False,True,False,False,True,False,True,True
30,2522,39,True,False,False,False,False,True,True,False,False,True,True,False,True
12,1076,26,False,True,False,False,False,False,True,False,True,True,True,False,True
36,3835,45,False,True,False,False,False,True,False,False,True,True,True,False,True
18,1505,32,False,True,False,False,False,True,True,True,False,True,False,False,True
30,2406,23,True,False,False,False,False,False,True,False,True,True,False,True,False
15,1512,61,False,False,False,False,False,False,False,False,False,False,True,False,False
12,7865,53,True,False,False,False,False,False,True,True,False,True,False,False,False
18,3590,40,False,False,True,False,False,False,True,False,False,True,True,False,True
24,3349,30,True,False,False,False,False,False,False,True,False,True,False,False,False
18,7511,51,True,False,False,False,False,False,False,False,False,True,False,False,False
36,5493,42,True,False,False,False,False,False,True,True,False,True,False,False,True
18,1950,34,False,True,False,False,False,False,True,False,False,False,True,False,True
12,2247,36,False,False,False,False,True,False,True,False,False,False,True,False,True
33,2764,26,False,True,False,False,False,False,True,False,False,True,True,False,True
30,1919,30,False,False,False,False,False,True,False,True,False,False,True,False,False
9,1313,20,False,True,False,False,False,False,True,False,False,True,True,False,True
36,6948,35,False,False,False,False,False,False,True,False,False,True,False,True,True
12,1282,20,True,False,False,False,False,False,True,False,False,True,False,True,False
24,2032,60,False,True,False,False,True,False,True,True,False,True,False,False,True
12,1884,39,False,True,False,False,True,False,True,False,False,True,True,False,True
30,3622,57,True,False,False,False,False,False,False,False,False,True,False,True,True
12,958,47,False,False,True,False,True,False,True,False,True,True,True,False,True
36,5711,38,False,True,True,False,False,False,False,False,False,True,True,False,True
24,3621,31,False,True,False,False,False,True,False,False,False,True,True,False,False
24,4110,23,True,False,False,True,False,False,True,True,False,False,False,True,False
12,2930,27,False,False,False,False,False,True,True,False,True,True,True,False,True
12,1498,23,True,False,False,False,False,True,True,False,False,False,True,False,True
24,2578,34,False,True,True,False,False,True,False,False,False,True,True,False,True
24,1358,40,True,False,False,False,False,False,False,False,False,False,True,False,False
36,2273,32,False,False,False,False,False,False,True,False,False,True,True,False,True
12,3124,49,False,False,True,False,True,False,True,False,True,False,True,False,True
12,2969,25,False,False,False,True,False,False,True,False,False,True,False,True,False
12,1424,55,False,False,False,False,False,False,False,False,True,True,True,False,True
24,2670,35,False,True,False,False,False,False,True,False,False,True,True,False,True
9,1478,22,False,True,False,False,False,True,True,False,False,True,True,False,False
18,3229,38,False,True,True,False,False,False,False,True,False,True,True,False,True
48,6416,59,False,False,False,False,False,False,True,True,False,True,False,True,False
27,5293,50,True,False,False,True,False,False,True,False,False,False,True,False,False
30,3832,22,False,False,False,False,False,False,True,False,False,True,True,False,True
36,5371,28,True,False,True,False,False,False,True,False,False,True,True,False,True
24,1344,37,False,False,True,False,True,False,False,False,True,False,True,False,False
42,4042,36,False,True,True,False,False,False,False,False,True,True,True,False,True
18,3509,25,True,False,False,False,False,True,True,False,True,True,True,False,True
15,2360,36,False,False,True,False,False,False,False,False,False,True,True,False,True
18,3213,25,False,False,False,False,False,True,False,False,True,True,False,True,True
6,1209,47,False,False,False,False,True,False,True,False,False,True,True,False,False
6,1198,35,True,False,False,False,False,False,True,True,False,True,False,False,False
18,1984,47,False,True,False,False,False,False,True,True,False,False,False,False,True
30,2503,41,False,False,False,False,False,False,False,False,False,False,True,False,True
24,5511,25,False,True,False,False,False,False,False,False,False,False,True,False,True
12,1228,24,True,False,False,False,True,False,True,False,True,True,True,False,False
9,3832,64,False,True,False,False,False,False,False,False,True,True,True,False,True
6,1169,67,True,False,True,False,False,True,False,False,True,True,True,False,True
12,708,38,True,False,False,False,False,False,True,False,False,True,True,False,True
48,6560,24,False,False,False,False,True,False,False,False,False,True,True,False,False
24,1552,32,False,True,False,False,False,True,True,False,False,False,True,False,True
24,1382,26,True,False,True,False,False,False,False,False,True,True,True,False,True
12,1503,41,False,True,False,False,False,False,True,False,True,True,False,True,True
24,5152,25,False,False,False,False,False,True,True,False,False,False,True,False,True
18,2899,43,False,False,False,False,True,False,False,False,False,True,True,False,True
24,2064,34,False,False,False,False,False,False,True,False,False,True,True,False,False
12,2121,30,True,False,True,False,True,False,True,False,False,True,True,False,True
9,2406,31,False,True,True,False,False,False,True,False,False,True,True,False,True
15,3186,20,False,True,False,False,True,False,False,False,False,True,False,True,True
48,6999,34,True,False,False,False,False,True,True,False,True,True,True,False,False
15,1386,40,False,True,False,False,False,True,False,False,True,True,False,True,True
12,618,56,False,True,True,False,False,True,True,False,True,True,True,False,True
24,6842,46,False,True,True,False,False,False,False,False,False,True,True,False,True
36,4455,30,False,False,False,False,False,False,True,False,True,False,True,False,False
30,11998,34,True,False,False,False,False,False,True,True,False,True,True,False,False
36,8947,31,False,True,False,False,False,False,False,False,False,False,True,False,True
36,2394,25,False,True,False,False,False,True,False,False,False,True,True,False,True
36,9398,28,False,False,False,False,False,False,True,False,False,True,False,True,False
36,6887,29,True,False,False,False,False,False,True,False,False,False,True,False,False
6,672,54,False,True,False,False,True,False,True,False,True,True,True,False,True
12,2762,25,False,False,False,False,False,False,False,False,False,False,True,False,False
12,5801,49,False,True,True,False,False,False,False,False,False,True,False,True,True
21,2288,23,False,True,True,False,False,False,True,False,False,True,True,False,True
21,1591,34,False,True,False,False,False,False,False,False,True,True,True,False,True
18,1056,30,False,False,True,False,True,False,True,False,True,False,True,False,False
12,1240,38,False,True,True,False,False,True,False,False,True,True,True,False,True
36,11054,30,False,True,True,False,False,False,False,False,False,True,True,False,True
36,909,36,False,True,False,False,True,False,False,False,False,True,True,False,True
7,2415,34,False,False,False,False,False,True,True,False,True,True,True,False,True
24,2223,52,False,True,True,False,False,True,False,False,False,False,True,False,True
6,2108,29,False,True,False,False,False,True,True,False,True,True,False,True,True
15,2326,27,False,False,True,False,False,False,False,False,False,False,True,False,True
15,1471,35,False,True,True,False,False,True,True,True,False,True,False,False,True
24,1935,31,False,False,True,False,False,False,True,False,True,True,True,False,False
15,5324,35,False,True,False,False,True,False,False,True,False,True,False,False,True
6,709,27,False,False,False,False,True,False,False,False,True,True,True,False,True
8,1414,33,False,False,False,False,False,True,True,False,True,True,True,False,True
24,2835,53,False,True,False,False,False,False,False,False,False,True,True,False,True
13,1797,28,True,False,True,False,False,False,True,False,False,False,True,False,True
12,1037,39,False,False,False,False,False,False,False,False,True,True,True,False,True
42,5954,41,False,False,True,False,False,False,True,False,True,False,True,False,True
36,4454,34,False,True,False,False,False,True,True,False,True,True,True,False,True
48,3051,54,True,False,False,False,False,False,True,False,False,True,True,False,False
12,1291,35,False,True,True,False,False,True,True,False,False,True,True,False,True
48,3566,30,False,False,False,False,False,False,False,False,False,True,True,False,True
6,1221,27,False,True,True,False,False,False,False,False,False,True,True,False,True
4,1544,42,False,True,True,False,False,True,True,False,True,True,True,False,True
12,625,26,False,False,False,False,False,True,True,False,True,False,True,False,True
12,2002,30,False,False,False,False,True,False,True,False,False,True,False,True,True
24,3123,27,True,False,False,False,True,False,True,False,False,True,True,False,False
15,2708,27,False,True,False,False,False,False,True,False,False,False,True,False,True
12,3565,37,False,True,True,False,False,False,False,False,False,True,True,False,True
12,1480,66,False,False,True,False,True,False,False,True,False,False,False,False,True
15,1360,31,False,True,True,False,False,True,True,False,False,True,True,False,True
12,1158,26,False,False,False,False,False,True,False,False,False,True,True,False,True
12,1103,29,False,False,False,False,False,True,True,False,True,True,True,False,True
24,7721,30,True,False,False,False,False,False,False,False,False,True,True,False,True
18,1217,47,True,False,False,False,False,False,True,False,True,True,True,False,False
12,6468,52,False,False,False,False,False,True,False,True,False,True,True,False,False
24,2039,22,False,False,False,False,False,True,True,False,False,True,True,False,False
20,2629,29,False,False,False,False,False,False,True,False,False,False,True,False,True
15,1271,39,False,False,True,False,False,True,False,True,False,True,False,False,False
12,804,38,False,True,False,False,False,True,True,False,False,True,True,False,True
10,2069,26,False,True,True,False,False,False,False,False,False,True,True,False,True
48,7238,32,False,True,False,False,False,True,False,False,False,False,True,False,True
18,3049,45,False,False,False,False,False,False,True,False,False,False,True,False,True
15,2631,28,False,False,False,False,True,False,False,False,False,True,False,True,False
30,3441,21,False,False,False,False,False,False,False,False,False,True,False,True,False
24,2284,28,False,True,False,False,False,True,True,False,False,True,True,False,True
18,1049,21,True,False,True,False,False,False,True,False,False,True,False,True,True
24,4169,28,True,False,False,False,False,False,True,False,False,True,True,False,True
27,5965,30,False,False,False,False,False,False,True,False,False,True,True,False,True
15,6850,34,False,False,False,False,True,False,False,False,False,True,True,False,False
6,1361,40,True,False,True,False,True,False,True,False,True,True,True,False,True
18,1817,28,False,True,True,False,False,False,True,True,False,True,True,False,True
24,1940,60,False,True,True,False,True,False,False,False,True,True,True,False,True
10,1231,32,False,True,True,False,True,False,True,False,True,True,True,False,True
6,1554,24,False,True,True,False,False,True,True,False,False,True,False,True,True
18,629,32,False,True,True,False,False,True,False,False,False,False,True,False,True
15,1478,33,False,True,False,False,False,True,True,False,True,False,True,False,True
45,11816,29,True,False,False,True,False,False,True,False,False,True,False,True,False
6,1203,43,True,False,False,False,True,False,False,False,False,True,True,False,True
7,2576,35,False,False,False,False,False,True,True,False,True,True,True,False,True
24,12579,44,False,False,False,False,False,False,True,True,False,True,False,False,False
30,7596,63,False,True,True,False,False,False,False,False,False,True,True,False,True
15,960,30,False,True,False,False,False,False,False,False,False,True,True,False,True
48,3979,41,False,False,False,False,False,True,False,False,False,True,True,False,True
24,2058,33,False,True,True,False,False,False,True,False,True,True,True,False,True
18,3650,22,True,False,False,False,False,False,True,False,False,True,False,True,True
24,1755,58,True,False,False,False,False,False,True,False,True,True,True,False,True
15,1537,50,False,False,True,False,False,True,False,False,True,True,True,False,True
12,1493,34,False,True,False,False,False,True,True,False,False,True,True,False,True
48,12169,36,False,False,False,False,True,False,False,True,False,True,False,False,True
47,10722,35,True,False,False,False,True,False,True,False,True,True,True,False,True
18,1239,61,False,False,False,False,False,False,False,True,False,True,False,False,True
10,727,46,False,True,False,False,False,False,False,True,False,True,False,False,True
11,3905,36,True,False,True,False,True,False,True,False,True,True,False,True,True
6,4611,32,False,True,False,False,False,False,True,False,False,True,True,False,False
12,1567,22,False,False,False,False,False,True,True,False,False,True,True,False,True
21,1647,40,True,False,False,False,True,False,False,False,False,True,True,False,False
36,3446,42,True,False,False,False,False,False,True,False,False,True,True,False,False
24,9277,48,False,True,False,False,False,False,False,True,False,True,False,False,True
48,12204,48,False,False,False,True,False,False,False,False,False,False,True,False,True
24,2978,32,False,True,False,False,False,False,False,False,True,True,True,False,True
24,5433,26,False,True,False,False,False,False,False,False,False,True,False,True,True
15,1514,22,False,False,False,False,False,False,False,False,True,True,True,False,True
36,8086,42,False,False,False,False,True,False,False,False,False,True,True,False,False
24,1333,43,True,False,False,False,True,False,True,False,True,True,False,False,False
9,1388,26,False,True,False,False,False,False,True,False,True,True,False,True,True
9,1980,19,False,True,False,False,False,False,True,False,False,True,False,True,False
12,2577,42,True,False,False,False,False,False,True,False,False,True,True,False,True
24,6314,27,False,True,True,False,False,False,True,True,False,False,True,False,True
6,2080,24,False,True,True,False,True,False,False,False,False,True,True,False,True
18,2039,20,True,False,False,False,False,False,True,False,True,False,False,True,False
15,874,24,False,True,False,False,False,False,False,False,True,True,True,False,True
6,1957,31,True,False,True,False,False,True,True,False,False,True,True,False,True
10,7308,70,False,False,False,False,True,False,True,True,False,False,False,False,True
24,1925,26,False,False,False,False,False,False,True,False,True,True,True,False,True
24,1355,25,False,False,False,False,True,False,True,False,False,True,True,False,False
12,795,53,True,False,False,False,False,False,True,False,False,True,True,False,False
30,3017,47,False,False,True,False,False,True,True,False,False,True,True,False,True
48,7685,37,True,False,False,False,False,False,True,False,False,True,False,True,False
12,2292,42,False,True,True,False,False,False,True,False,False,False,True,False,False
36,1977,40,True,False,False,False,False,False,False,True,False,True,True,False,False
36,7855,25,False,True,True,False,True,False,True,False,True,False,True,False,False
18,2775,31,False,True,True,False,True,False,True,False,False,False,True,False,False
21,2353,47,False,False,False,False,True,False,True,False,False,True,True,False,True
18,1820,30,False,True,False,False,True,False,True,False,False,True,True,False,True
12,2445,26,False,True,False,False,False,False,False,False,False,True,False,True,True
12,1680,35,True,False,False,False,False,True,False,False,True,True,True,False,True
18,8471,23,True,False,False,False,False,False,False,False,False,True,False,True,True
26,7966,30,False,False,False,False,False,False,True,False,False,True,True,False,True
12,3386,35,True,False,False,False,False,False,True,True,False,True,False,False,False
12,939,28,False,False,True,False,True,False,False,False,True,True,True,False,False
12,797,33,False,True,True,False,False,True,False,False,False,False,True,False,False
24,1747,24,True,False,False,False,False,False,True,False,False,True,True,False,True
12,1108,28,True,False,False,True,False,False,True,False,True,True,True,False,False
13,2101,23,False,False,False,False,False,True,True,False,False,True,True,False,True
24,6579,29,True,False,False,False,False,False,True,True,False,True,False,False,True
48,12749,37,False,True,False,False,False,True,False,False,False,True,True,False,True
12,522,42,False,True,True,False,False,True,False,False,False,True,True,False,True
24,2828,22,True,False,False,False,False,False,False,False,True,False,True,False,True
24,2718,20,False,False,False,False,True,False,True,False,False,True,False,True,False
10,1240,48,False,False,False,False,True,False,False,True,False,True,False,False,False
12,1318,54,False,False,False,False,True,False,False,False,True,True,True,False,True
48,4308,24,True,False,False,False,False,False,True,False,False,True,False,True,False
12,2578,55,True,False,False,False,False,False,True,True,False,True,False,False,True
24,1311,26,False,True,False,False,False,True,False,False,False,True,True,False,True
30,6187,24,True,False,True,False,False,False,False,False,False,True,False,True,True
18,6204,44,False,False,False,False,False,False,True,False,True,True,True,False,True
6,1068,28,False,False,False,False,False,True,True,False,False,True,True,False,True
11,1577,20,False,False,False,False,False,False,False,False,True,True,True,False,True
24,1585,40,False,True,True,False,False,False,True,False,False,True,True,False,True
18,1940,36,True,False,False,False,False,True,True,True,False,False,False,False,True
24,4241,36,False,False,False,True,False,False,True,False,True,True,True,False,False
6,1299,74,False,False,True,False,True,False,True,False,True,True,True,False,True
24,1469,41,False,True,False,False,True,False,False,False,True,True,False,True,True
28,2743,29,False,True,True,False,False,True,True,False,False,True,True,False,True
12,1963,31,False,True,False,False,False,True,True,False,False,True,False,True,True
48,5096,30,False,False,True,False,False,False,True,False,False,True,True,False,False
12,2579,33,True,False,False,False,True,False,True,False,True,True,True,False,False
36,7678,40,False,True,False,False,False,False,False,False,False,True,True,False,True
30,2181,36,False,False,True,False,True,False,False,False,True,True,True,False,True
6,1538,56,False,True,False,False,False,False,True,True,False,True,True,False,True
6,338,52,True,False,True,False,False,True,False,False,False,True,True,False,True
39,11760,32,False,False,False,False,False,False,False,True,False,True,False,True,True
24,4736,25,False,False,True,False,False,False,True,False,False,False,True,False,False
24,2892,51,False,False,False,False,False,False,True,True,False,True,False,False,True
6,1740,30,False,True,True,False,False,True,True,False,True,True,False,True,True
36,9857,31,False,False,False,False,False,False,False,False,False,True,True,False,True
12,1330,26,False,False,False,False,True,False,True,False,True,True,True,False,True
30,3656,49,False,False,True,False,False,True,False,False,False,False,True,False,True
18,976,23,True,False,False,False,True,False,True,False,False,True,True,False,False
12,2149,29,True,False,False,False,False,True,True,True,False,True,False,False,False
48,7763,42,True,False,False,False,True,False,True,True,False,False,False,False,False
6,3384,44,True,False,True,False,False,False,True,False,True,True,False,True,False
24,1282,32,True,False,False,False,False,True,False,False,False,True,True,False,False
18,1028,36,False,True,True,False,True,False,True,False,True,True,True,False,True
24,1393,31,False,True,False,False,True,False,True,False,True,True,True,False,True
12,707,30,False,True,False,False,False,True,True,False,True,False,True,False,True
21,571,65,True,False,True,False,True,False,True,False,True,True,True,False,True
36,8229,26,True,False,False,False,False,False,True,False,False,True,True,False,False
10,2241,48,True,False,True,False,True,False,True,False,True,True,False,True,True
12,2331,49,False,True,True,False,False,True,False,False,True,True,True,False,True
30,3496,34,False,False,False,False,False,False,False,False,False,False,True,False,True
18,2169,28,False,True,False,False,False,False,True,False,False,True,True,False,False
24,5743,24,False,False,True,False,False,False,True,True,False,True,False,False,True
24,11328,29,False,False,False,False,False,False,True,False,False,False,True,False,False
6,1750,45,False,True,False,False,False,True,False,False,False,False,True,False,True
24,5084,42,False,False,False,False,False,True,False,False,False,True,True,False,True
12,902,21,True,False,False,False,False,False,True,False,False,True,False,True,False
24,3660,28,True,False,False,False,False,True,True,False,False,True,True,False,True
24,3617,20,False,False,True,False,False,False,False,True,False,True,False,True,True
24,3552,27,True,False,False,False,False,False,True,False,False,False,True,False,False
36,1819,37,False,True,False,False,False,False,True,True,False,False,False,False,False
48,3914,38,False,True,False,False,False,False,False,False,True,False,True,False,False
24,3878,37,False,False,True,False,True,False,False,False,False,True,True,False,True
18,3422,47,False,True,False,False,False,False,True,False,False,False,True,False,True
9,2136,25,True,False,False,False,False,False,True,False,True,True,True,False,True
24,7758,29,False,False,True,False,False,False,False,True,False,True,False,True,True
12,1526,66,True,False,True,False,False,False,True,True,False,True,False,False,True
24,6403,33,False,False,False,False,False,True,True,False,False,True,True,False,True
36,1842,34,True,False,False,False,True,False,True,False,False,True,True,False,False
12,674,20,True,False,False,False,False,True,False,False,False,True,True,False,False
12,1402,37,False,True,True,False,False,False,False,False,False,True,False,True,True
6,14555,23,False,False,False,False,True,False,False,False,False,True,True,False,False
24,3757,62,False,True,False,False,True,False,True,True,False,True,False,False,True
10,2132,27,True,False,True,False,False,False,False,False,True,True,False,True,True
4,1455,42,False,True,True,False,True,False,True,False,True,True,True,False,True
15,2687,26,False,False,False,False,False,False,True,False,False,True,False,True,True
21,1602,30,True,False,True,False,True,False,True,False,False,True,True,False,True
24,1965,42,False,False,False,False,True,False,False,False,False,True,False,True,True
12,701,40,True,False,False,False,False,True,True,False,True,True,True,False,True
42,7174,30,True,False,False,False,False,True,False,False,False,True,True,False,False
6,1238,36,False,True,False,False,False,False,False,False,False,True,True,False,True
6,4716,44,True,False,True,False,True,False,False,False,True,True,True,False,True
36,9566,31,False,True,True,False,False,True,True,False,False,False,True,False,True
27,4526,32,False,True,True,False,False,False,False,False,True,False,True,False,True
30,2991,25,False,False,False,False,False,True,False,False,False,True,True,False,True
18,3001,40,False,False,False,False,False,False,True,False,True,True,False,True,True
14,8978,45,True,False,False,False,True,False,True,False,False,True,True,False,False
36,2299,39,False,True,False,False,False,True,False,False,False,True,True,False,True
9,1136,32,False,False,True,False,False,False,False,True,False,True,False,False,False
9,1501,34,False,False,True,False,False,False,True,False,False,True,True,False,False
45,4576,27,False,False,True,False,False,False,False,False,False,True,True,False,True
15,2327,25,False,False,False,False,False,True,True,False,True,True,True,False,False
24,11560,23,False,False,False,False,False,False,True,False,False,True,False,True,False
12,2748,57,False,True,True,False,False,False,True,True,False,False,False,False,True
12,719,41,False,True,False,False,False,False,True,False,False,False,True,False,False
30,4530,26,False,True,True,False,False,True,True,False,False,True,False,True,True
48,10127,44,False,True,True,False,True,False,False,True,False,False,False,False,False
21,3599,26,True,False,False,False,False,False,True,False,False,True,False,True,True
27,2520,23,False,False,True,False,False,True,False,False,False,True,True,False,False
18,1582,46,False,True,True,False,False,True,False,False,False,True,True,False,True
18,1924,27,False,False,False,False,False,False,False,False,True,True,False,True,False
22,2675,40,False,True,False,False,False,True,False,False,False,True,True,False,True
24,2333,29,False,False,False,False,False,False,False,False,False,False,True,False,True
12,6199,28,True,False,False,True,False,True,True,False,False,True,False,True,False
48,10297,39,True,False,False,False,False,False,True,True,False,False,False,False,False
27,3416,27,True,False,False,False,False,True,True,False,False,True,True,False,True
24,3092,22,False,False,False,False,False,True,False,False,False,True,False,True,False
24,1516,43,False,True,True,False,False,True,False,False,True,True,True,False,True
15,1979,35,False,True,False,False,False,True,False,False,False,True,True,False,True
30,4249,28,False,False,True,False,True,False,True,False,False,True,True,False,False
24,3430,31,False,True,False,False,False,True,False,False,False,True,True,False,True
15,1778,26,False,False,False,True,True,False,True,False,True,True,False,True,False
21,1188,39,False,False,False,False,False,False,True,False,False,True,True,False,False
42,9283,55,False,False,False,False,False,False,True,True,False,False,False,False,True
15,1053,27,True,False,False,False,False,True,True,False,True,True,True,False,True
18,3612,37,False,False,True,False,False,False,True,False,False,True,True,False,True
21,3652,27,False,False,True,False,False,False,True,False,False,True,True,False,True
10,1225,37,False,False,False,False,False,False,True,False,False,True,True,False,True
30,7485,53,False,True,False,False,False,False,False,False,True,False,True,False,False
24,1258,25,False,True,False,False,False,False,True,False,True,True,True,False,True
36,8335,47,True,False,False,False,False,False,False,True,False,True,False,False,False
48,3609,27,False,True,False,False,False,False,True,False,True,False,True,False,True
12,1555,55,False,True,False,False,False,False,False,True,False,True,False,False,False
15,3959,29,True,False,False,False,True,False,True,False,False,True,True,False,False
24,6967,36,False,False,False,False,False,False,False,False,False,True,False,True,True
48,7582,31,False,False,False,False,False,False,False,True,False,True,False,False,True
24,1837,34,False,False,False,False,False,False,True,True,False,False,False,False,False
48,6758,31,True,False,False,False,False,True,True,False,False,True,True,False,False
24,2483,22,True,False,False,False,False,False,False,False,True,False,True,False,True
30,8072,25,True,False,False,True,False,False,False,False,False,False,True,False,True
12,639,30,False,False,False,False,False,False,True,False,False,True,True,False,False
24,2910,34,True,False,False,False,False,False,True,True,False,True,False,False,True
60,7418,27,False,False,False,False,False,True,False,False,True,True,True,False,True
48,10222,37,False,True,False,False,False,True,False,False,False,False,True,False,True
6,454,22,False,False,False,False,False,False,True,False,False,True,True,False,True
24,4591,54,False,True,False,False,False,False,False,False,False,True,True,False,False
48,3578,47,False,True,True,False,False,True,False,False,True,True,True,False,True
60,9157,27,False,False,False,False,False,True,False,True,False,True,False,False,True
24,4526,74,False,True,True,False,False,False,True,False,True,True,True,False,True
36,9572,28,False,True,False,False,False,False,True,False,False,True,True,False,False
36,3804,42,False,False,False,True,False,True,True,False,False,True,True,False,False
12,691,35,True,False,True,False,True,False,True,False,False,True,True,False,False
21,2476,46,False,True,False,False,False,False,False,False,True,True,True,False,True
9,790,66,False,False,False,False,False,True,False,False,True,True,True,False,True
60,6527,34,False,True,False,False,True,False,False,True,False,True,False,False,True
15,1264,25,False,False,False,False,True,False,False,False,False,True,False,True,False
36,7127,23,False,True,True,False,False,False,True,False,False,True,False,True,False
24,2028,30,False,True,True,False,False,False,True,False,False,True,True,False,True
11,1393,35,False,True,True,False,True,False,True,False,False,True,True,False,True
9,3195,33,False,False,False,False,True,False,False,False,True,True,True,False,True
12,339,45,True,False,False,False,False,False,True,False,False,False,True,False,True
24,4042,43,False,True,True,False,False,False,False,False,False,True,True,False,True
12,763,26,False,True,False,False,False,False,True,False,True,True,True,False,True
24,2424,53,False,True,True,False,False,True,False,False,False,True,True,False,True
36,4686,32,False,True,False,False,False,False,True,True,False,True,False,False,True
11,7228,39,False,True,True,False,True,False,True,False,False,True,True,False,True
24,7393,43,False,True,False,False,True,False,True,False,False,True,True,False,True
12,3527,45,False,True,False,False,True,False,False,False,False,True,True,False,True
6,609,37,True,False,True,False,True,False,True,False,False,True,True,False,True
24,4113,28,False,False,False,False,False,False,False,False,False,True,False,True,False
12,3573,23,False,False,True,False,False,True,True,False,True,True,True,False,True
15,1520,63,False,True,True,False,False,False,False,False,False,True,True,False,True
24,3148,31,False,False,True,False,False,True,False,False,False,True,True,False,True
36,3595,28,False,True,False,False,False,True,True,False,False,True,True,False,True
36,2613,27,False,True,False,True,False,False,True,False,False,True,True,False,True
6,426,39,False,True,False,True,False,True,True,False,False,True,True,False,True
12,1893,29,True,False,False,False,True,False,True,False,False,True,True,False,True
24,1287,37,False,True,True,False,True,False,False,False,True,True,True,False,True
36,2145,24,True,False,False,False,False,False,True,False,False,True,True,False,False
18,2473,25,True,False,False,False,False,False,True,False,False,True,True,False,False
24,3149,22,True,False,False,False,False,False,True,True,False,False,False,False,True
18,2100,37,False,False,False,False,False,True,True,False,True,False,True,False,False
30,1715,26,False,False,False,False,False,True,False,False,False,True,True,False,True
60,14782,60,False,False,False,False,False,False,False,True,False,False,False,False,False
24,4679,35,False,True,False,False,False,False,True,False,False,True,True,False,True
15,3568,54,False,True,False,False,False,True,True,False,False,False,False,True,True
20,2235,33,True,False,True,False,True,False,True,False,False,False,False,True,False
27,2528,32,False,False,False,False,False,False,True,False,False,True,True,False,True
21,2993,28,False,True,False,False,False,False,True,False,True,False,True,False,True
45,3031,21,False,False,False,False,False,True,False,False,False,True,False,True,False
36,10875,45,False,True,False,False,True,False,True,False,False,True,True,False,True
10,2210,25,False,True,False,False,False,False,True,False,True,False,False,True,False
24,1216,38,False,False,True,False,False,True,False,True,False,False,True,False,False
11,3939,40,True,False,True,False,True,False,True,False,True,True,True,False,True
24,2375,44,False,True,False,False,False,False,False,False,False,True,True,False,True
24,937,27,False,True,False,False,False,False,True,False,False,True,True,False,True
42,7166,29,False,True,False,False,False,True,False,False,False,True,False,True,True
15,1262,36,False,True,False,False,False,False,False,False,False,True,True,False,True
15,3594,46,False,True,False,False,False,False,True,False,False,True,True,False,True
36,5848,24,False,False,False,False,False,True,True,False,False,True,True,False,True
18,1795,48,False,False,True,False,False,True,True,False,True,False,False,True,True
36,3959,30,True,False,False,False,False,False,True,False,False,True,True,False,True
24,1285,32,True,False,False,False,True,False,False,True,False,True,False,True,False
15,392,23,False,False,False,False,False,False,True,False,False,True,False,True,True
48,10961,27,False,False,False,False,False,True,False,True,False,False,True,False,False
9,2753,35,False,True,False,False,False,True,False,False,False,True,True,False,True
9,1919,35,False,False,True,False,False,False,True,False,False,True,False,True,True
12,2028,30,False,False,False,False,False,False,False,False,False,True,True,False,True
18,1042,33,False,False,False,False,True,False,False,False,False,True,True,False,False
6,428,49,True,False,False,False,False,False,True,False,False,False,True,False,True
9,2799,36,True,False,True,False,True,False,True,False,True,True,False,True,True
39,4933,25,False,False,True,False,False,True,True,False,True,True,True,False,False
60,10366,42,False,True,False,False,True,False,True,False,False,True,True,False,True
12,2366,36,False,False,True,False,True,False,False,False,False,True,True,False,True
18,3378,31,False,True,False,False,False,False,False,False,False,True,True,False,True
10,1924,38,False,True,False,False,False,True,True,False,False,True,True,False,True
14,802,27,False,True,False,False,True,False,True,False,False,True,True,False,True
48,8358,30,False,False,False,True,True,False,False,False,False,True,True,False,True
12,1424,26,False,False,True,False,False,False,True,False,False,True,True,False,True
30,4221,28,False,False,False,True,False,False,True,False,False,True,True,False,True
24,1559,50,False,True,False,False,False,False,True,False,False,False,True,False,True
12,2214,24,True,False,False,False,False,True,True,False,False,True,True,False,True
12,3059,61,False,True,False,False,False,True,False,False,True,True,True,False,True
12,930,65,False,True,True,False,False,True,False,False,True,True,True,False,True
48,6110,31,False,True,True,False,False,False,True,True,False,False,False,False,True
12,2759,34,False,True,False,True,False,False,True,False,False,True,True,False,True
12,1922,37,False,False,False,False,False,False,True,False,False,True,True,False,False
24,4151,35,False,True,False,False,False,False,False,False,False,True,True,False,True
10,1038,49,True,False,True,False,True,False,True,False,False,True,True,False,True
15,2511,23,True,False,False,False,True,False,True,False,False,True,False,True,True
30,5954,38,False,True,True,False,False,True,True,False,False,True,True,False,True
12,1858,22,True,False,False,False,False,False,True,False,False,True,False,True,True
8,760,44,False,False,False,False,False,True,True,False,True,True,True,False,True
15,1829,46,False,True,True,False,False,True,True,False,False,True,True,False,True
18,5302,36,True,False,True,False,True,False,True,True,False,True,False,False,True
12,741,22,True,False,False,False,False,False,False,False,False,True,True,False,False
10,1287,45,False,True,False,False,True,False,False,False,False,True,True,False,True
24,1381,35,True,False,False,False,True,False,False,False,False,True,True,False,False
6,1346,42,False,True,False,False,False,True,False,True,False,False,False,False,True
48,6224,50,False,False,False,False,False,False,True,True,False,True,False,False,False
18,750,27,True,False,False,False,False,False,True,False,True,True,True,False,False
28,7824,40,False,True,False,False,False,False,False,False,True,False,False,True,True
12,996,23,False,True,True,False,False,False,False,False,True,True,True,False,True
24,2825,34,False,False,True,False,False,False,False,True,False,True,True,False,True
10,1418,35,False,True,False,False,True,False,False,False,True,True,False,True,True
12,682,51,False,True,True,False,True,False,False,False,False,True,True,False,True
6,860,39,True,False,True,False,True,False,True,True,False,True,True,False,True
9,1337,34,False,False,False,True,False,True,True,False,False,True,True,False,False
9,1670,22,False,False,False,False,False,True,True,False,False,True,True,False,False
30,4280,26,False,False,False,True,False,False,False,False,False,True,False,True,False
18,6361,41,False,False,True,False,False,False,True,True,False,True,True,False,True
6,1743,34,False,True,False,False,False,False,False,False,True,True,True,False,True
12,754,38,False,False,False,False,False,False,False,False,False,True,True,False,True
8,3398,39,True,False,True,False,True,False,True,False,True,True,True,False,True
9,5129,74,False,False,False,False,False,False,True,True,False,False,False,False,False
10,781,63,False,False,True,False,True,False,True,True,False,True,False,False,True
18,1442,32,True,False,False,False,True,False,True,True,False,True,False,False,False
18,2051,33,False,True,False,False,False,True,True,False,True,True,True,False,True
18,2462,22,True,False,False,False,False,False,True,False,False,True,True,False,False
28,4006,45,True,False,False,False,True,False,True,False,False,True,True,False,False
12,951,27,False,False,False,False,False,False,False,False,False,False,False,True,False
15,1300,45,False,True,False,False,False,False,False,True,False,False,False,False,True
24,1901,29,False,True,False,False,False,True,False,False,False,True,False,True,True
42,4796,56,False,False,True,False,False,False,True,True,False,True,False,False,True
18,1473,39,False,True,False,False,False,True,True,False,True,True,True,False,True
12,1768,24,False,True,False,False,False,False,True,False,True,True,False,True,True
24,3777,50,False,True,True,False,False,False,False,False,True,True,True,False,True
27,5117,26,False,True,False,False,False,False,True,False,False,True,True,False,True
42,3394,65,True,False,True,False,False,False,True,False,False,True,True,False,True
12,717,52,False,True,True,False,False,True,True,False,True,True,True,False,True
36,5842,35,False,True,True,False,False,False,True,False,False,True,True,False,True
9,1224,30,False,True,True,False,True,False,True,False,True,True,True,False,True
12,1155,40,False,False,False,False,False,True,True,False,True,False,True,False,True
21,3763,24,True,False,False,False,True,False,False,False,True,True,True,False,True
12,1082,48,True,False,False,True,True,False,True,False,False,False,True,False,False
48,15672,23,False,False,False,False,False,False,True,False,False,True,True,False,False
12,3499,29,True,False,True,False,True,False,True,False,True,True,True,False,False
60,15653,21,False,True,False,False,False,True,True,False,False,True,True,False,True
24,8648,27,False,True,False,False,False,False,True,False,False,False,True,False,False
20,6468,60,False,False,False,False,False,False,False,False,True,True,True,False,True
24,2812,26,True,False,False,False,False,False,False,False,True,True,False,True,True
36,3990,29,False,False,False,False,False,False,False,True,False,False,True,False,True
11,2142,28,False,True,False,False,False,False,False,False,True,True,True,False,True
10,1364,64,False,True,False,False,True,False,True,False,False,True,True,False,True
15,1308,38,False,False,False,False,False,False,True,False,False,True,True,False,True
48,18424,32,False,False,False,True,False,False,True,False,False,False,True,False,False
12,841,23,False,False,False,False,False,False,False,False,True,True,False,True,True
6,590,26,False,False,False,False,False,True,True,False,True,True,True,False,True
24,3345,39,True,False,False,False,False,False,True,False,False,True,False,True,False
18,2600,65,True,False,False,False,False,True,True,True,False,True,False,False,False
12,3590,29,True,False,False,False,False,False,True,False,False,True,True,False,True
15,5045,59,False,True,True,False,True,False,False,False,False,True,True,False,True
18,1126,21,False,True,False,False,False,True,False,False,True,True,False,True,True
24,1193,29,True,False,False,False,True,False,True,True,False,True,False,True,False
39,8588,45,False,True,False,False,False,False,False,False,False,True,True,False,True
24,1533,38,False,True,False,False,False,True,True,False,False,False,True,False,True
18,1345,26,True,False,False,False,False,True,True,False,True,False,True,False,False
12,1620,30,True,False,False,False,False,False,True,False,False,True,True,False,True
36,9034,29,False,False,False,False,False,False,False,True,False,True,False,True,False
18,6260,28,False,False,False,False,True,False,True,False,True,True,False,True,True
15,2631,25,False,False,False,False,False,False,False,False,True,True,True,False,True
12,2141,35,False,True,False,False,False,True,False,True,False,True,True,False,True
12,652,24,True,False,False,False,False,False,True,False,False,True,False,True,True
36,2671,50,False,False,False,False,False,True,False,True,False,True,False,False,False
36,5742,31,False,True,False,False,False,False,False,False,False,True,True,False,True
60,13756,63,False,True,True,False,True,False,False,True,False,False,False,False,True
48,4844,33,False,True,False,False,False,False,True,False,False,False,False,True,False
18,1943,23,False,True,False,False,False,False,True,False,True,True,True,False,False
18,866,25,False,False,False,False,False,True,True,False,True,True,True,False,True
18,1941,35,False,False,False,False,False,False,False,False,False,True,True,False,True
24,5150,33,False,True,True,False,False,False,True,False,False,True,True,False,True
24,4351,48,False,False,False,False,False,False,False,False,False,True,True,False,True
24,947,38,False,False,False,False,True,False,True,True,False,False,False,False,False
24,1967,20,False,False,False,False,False,True,True,False,False,True,True,False,True
15,2186,33,False,True,False,False,False,False,False,False,True,False,False,True,True
9,2118,37,False,False,False,False,False,True,True,False,True,True,True,False,True
12,776,28,False,True,False,False,False,True,True,False,True,True,True,False,True
15,3812,23,False,True,False,False,False,False,False,False,False,True,True,False,True
39,14179,30,True,False,True,False,False,False,False,False,False,True,True,False,True
9,1437,29,False,False,False,False,True,False,False,True,False,True,True,False,False
15,1444,23,False,False,False,False,False,True,False,False,False,True,True,False,True
18,1445,49,False,False,False,False,False,True,False,False,False,False,True,False,True
18,2320,34,False,True,False,False,False,True,True,False,True,True,True,False,True
30,4272,26,False,True,False,False,False,False,False,False,False,True,True,False,True
15,4657,30,False,True,False,False,False,False,True,False,False,True,True,False,True
36,10974,26,False,True,False,False,False,False,True,False,False,True,True,False,False
48,3931,46,True,False,False,False,True,False,True,True,False,True,False,False,False
9,654,28,True,False,False,False,True,False,True,False,False,True,True,False,False
24,3758,23,False,False,False,False,False,True,False,True,False,True,False,True,True
10,1309,27,False,True,False,False,True,False,False,False,False,True,True,False,False
42,4370,26,True,False,False,False,False,True,True,False,False,False,True,False,False
13,1409,64,False,True,False,False,False,True,False,False,True,True,True,False,True
30,1867,58,False,True,False,False,False,True,False,False,False,True,True,False,True
12,1107,20,True,False,False,False,False,True,True,False,True,True,False,True,True
12,640,49,False,True,False,False,True,False,True,False,True,True,True,False,True
24,1474,33,False,True,False,False,True,False,False,False,True,True,True,False,True
12,976,35,False,True,True,False,False,True,False,False,False,True,True,False,True
36,7980,27,False,True,False,False,False,False,False,False,False,True,False,True,False
18,6761,68,False,True,False,False,True,False,False,False,False,True,False,True,False
18,2278,28,False,False,False,True,True,False,False,False,False,True,True,False,False
9,1154,37,False,False,True,False,False,True,True,False,True,True,True,False,True
24,1927,33,False,True,True,False,False,False,False,False,False,True,True,False,True
9,2301,22,False,True,False,False,False,False,False,False,False,True,False,True,True
12,1412,29,False,True,True,False,False,False,True,False,True,True,True,False,True
48,4605,24,True,False,False,True,False,False,True,True,False,True,False,False,False
18,1800,24,False,True,True,False,False,True,True,False,False,True,True,False,True
6,1898,34,False,True,True,False,False,True,False,False,True,True,True,False,True
18,1113,26,False,False,False,False,False,True,True,False,True,True,True,False,True
45,4746,25,False,False,True,False,False,True,True,False,False,True,True,False,False
12,1534,23,False,False,False,False,False,True,True,False,True,True,False,True,False
15,950,33,True,False,False,True,True,False,True,False,False,True,False,True,False
24,2346,35,False,True,True,False,False,False,True,False,False,True,True,False,True
27,2442,43,True,False,True,False,False,False,True,False,False,False,True,False,True
15,3343,28,False,True,True,False,False,False,True,True,False,True,False,False,True
24,1249,28,False,True,False,False,True,False,True,False,True,True,True,False,True
15,1845,46,True,False,False,False,False,False,True,False,False,True,False,True,True
24,2603,28,False,True,False,False,False,False,False,False,False,True,False,True,True
54,15945,58,False,False,False,True,False,False,True,True,False,True,False,True,False
36,12389,37,False,False,False,False,True,False,False,True,False,True,False,False,False
24,915,29,True,False,False,False,True,False,False,False,False,False,True,False,False
21,3160,41,False,True,False,False,False,True,False,False,False,True,True,False,True
9,1082,27,False,False,False,False,False,True,True,False,False,True,True,False,True
15,975,25,True,False,True,False,False,False,True,False,False,True,True,False,True
36,3620,37,True,False,False,False,False,False,True,False,False,True,True,False,True
12,1995,27,False,False,True,False,True,False,False,False,False,True,True,False,True
36,6614,34,False,True,True,False,True,False,True,False,False,True,True,False,True
12,1935,43,False,True,True,False,False,False,True,False,True,True,True,False,True
36,3249,39,True,False,False,False,True,False,True,True,False,False,False,False,True
24,3062,32,False,True,False,False,False,False,False,True,False,True,False,True,True
36,2348,46,True,False,True,False,False,False,True,False,False,True,True,False,True
30,3108,31,True,False,False,False,False,False,True,False,False,True,True,False,False
9,1364,59,True,False,False,False,False,True,True,False,True,True,True,False,True
36,3913,23,False,False,False,False,False,True,True,False,True,True,True,False,True
24,4870,53,True,False,False,False,True,False,True,True,False,True,False,False,False
12,3617,28,False,False,True,False,False,False,True,False,False,True,False,True,True
15,4623,40,False,True,False,False,False,False,False,False,False,True,True,False,False
12,1344,43,True,False,False,False,True,False,True,False,True,True,True,False,True
21,3357,29,True,False,False,False,False,True,False,False,False,False,True,False,True
6,6761,45,False,True,True,False,True,False,True,True,False,True,True,False,True
24,2022,37,False,True,True,False,True,False,True,False,False,True,True,False,True
6,250,41,False,True,True,False,True,False,False,False,True,False,True,False,True
24,5103,47,False,True,True,False,False,True,True,True,False,True,False,False,True
36,2337,36,False,False,True,False,False,True,True,False,True,True,True,False,True
12,7472,24,False,False,False,False,True,False,False,False,True,True,False,True,True
18,1882,25,True,False,False,False,False,True,True,False,False,False,False,True,False
15,806,22,True,False,False,False,False,False,True,False,False,True,True,False,True
24,2197,43,False,True,True,False,False,False,False,False,False,True,True,False,True
9,1126,49,False,False,False,False,False,True,False,False,True,True,True,False,True
6,1352,23,True,False,False,False,False,False,False,False,False,True,False,True,True
18,5866,30,False,False,False,False,True,False,False,False,False,True,True,False,True
18,3872,67,False,False,False,False,False,False,True,False,False,True,True,False,True
24,2611,46,False,True,True,False,False,True,True,False,True,True,True,False,True
9,936,52,False,True,True,False,False,False,False,False,False,True,True,False,True
60,10144,21,False,True,False,False,False,True,False,False,True,True,True,False,True
12,409,42,False,False,False,False,False,True,False,False,True,True,False,True,True
24,7814,38,False,True,False,False,False,False,True,False,False,True,True,False,True
36,4210,26,False,False,False,False,False,True,True,False,False,True,True,False,False
6,3518,26,False,True,False,False,True,False,True,False,False,True,False,True,True
21,3275,36,False,True,True,False,False,False,True,False,False,True,True,False,True
36,14318,57,False,False,False,False,True,False,True,True,False,True,False,False,False
12,1092,49,False,False,False,False,False,True,True,False,True,True,True,False,True
21,2782,31,False,True,False,False,True,False,False,False,False,False,True,False,True
21,2580,41,False,True,False,False,False,False,False,False,True,False,True,False,False
12,983,19,False,False,False,False,False,False,False,False,True,True,False,True,True
21,1572,36,False,True,False,False,False,False,False,False,True,False,True,False,True
18,1301,32,False,False,False,False,False,True,True,False,True,True,True,False,True
15,2728,35,False,False,True,False,False,True,False,False,True,False,True,False,True
36,1953,61,False,False,False,True,False,False,True,True,False,True,False,False,False
6,448,23,True,False,False,False,False,False,True,False,False,True,True,False,False
12,1386,26,False,True,False,False,True,False,False,False,False,True,True,False,False
12,1860,34,False,False,True,False,False,False,True,False,False,True,True,False,True
6,753,64,False,False,False,False,False,True,True,False,True,True,True,False,True
24,5507,44,False,True,True,False,False,False,True,True,False,True,False,False,True
24,2957,63,True,False,True,False,False,False,True,False,False,True,True,False,True
15,3556,29,False,True,False,False,True,False,False,True,False,True,True,False,True
24,3181,26,False,True,False,False,False,True,True,False,False,True,True,False,True
36,9629,24,True,False,True,False,False,False,True,False,False,True,True,False,False
15,1403,28,True,False,False,False,True,False,True,False,False,True,False,True,True
9,1288,48,True,False,True,False,False,False,False,False,True,True,True,False,True
30,2333,30,False,True,False,False,False,True,False,False,False,False,True,False,True
6,1237,27,False,True,True,False,False,True,False,False,False,True,True,False,True
6,362,52,False,True,True,False,True,False,False,False,False,True,True,False,True
16,1175,68,False,False,True,False,True,False,True,False,False,True,False,False,True
21,12680,30,False,True,True,False,True,False,False,True,False,True,False,False,False
18,3104,31,True,False,False,True,False,False,True,False,False,False,True,False,True
24,6313,41,False,True,False,False,False,False,False,False,False,True,True,False,True
12,1262,25,False,True,False,False,False,True,True,False,False,True,True,False,True
9,1422,27,True,False,False,False,True,False,True,True,False,True,False,False,False
15,1275,24,True,False,False,False,False,False,False,False,False,True,False,True,False
21,5248,26,False,True,False,False,False,False,False,False,False,True,True,False,True
20,6148,31,False,False,False,True,False,False,False,False,False,False,True,False,True
27,2570,21,False,True,False,False,True,False,True,False,True,True,False,True,False
48,9960,26,False,False,False,False,False,False,True,False,False,True,True,False,False
48,6331,46,True,False,True,False,False,False,True,True,False,True,False,False,False
12,2251,46,False,False,False,False,False,False,True,False,False,True,True,False,True
15,1316,47,False,True,True,False,False,True,False,False,False,True,True,False,True
15,1721,36,True,False,False,False,True,False,True,False,True,True,True,False,True
24,2679,29,False,True,False,False,False,False,True,True,False,True,True,False,True
30,3857,40,True,False,False,False,False,False,True,False,False,True,True,False,True
36,7432,54,False,False,False,False,True,False,True,False,False,True,False,True,True
24,2439,35,True,False,False,False,False,True,True,False,True,True,True,False,False
24,999,25,False,True,False,False,False,True,False,False,False,True,True,False,True
12,1168,27,True,False,False,False,True,False,True,False,True,True,True,False,True
18,1055,30,False,True,True,False,True,False,True,False,False,True,True,False,True
12,1331,22,False,False,False,False,False,True,True,False,False,False,True,False,False
24,1275,36,False,False,True,False,False,False,False,False,True,True,True,False,True
18,1887,28,False,False,True,False,False,False,False,False,True,False,True,False,True
24,1377,47,False,False,False,False,False,True,False,True,False,True,False,False,True
39,2569,24,False,True,False,False,False,False,False,False,False,True,True,False,True
12,3016,24,False,False,False,False,False,True,True,False,False,True,True,False,True
36,8065,25,True,False,True,False,False,False,True,True,False,True,True,False,False
24,11938,39,False,False,True,False,False,False,True,False,False,True,True,False,False
24,1553,23,False,False,False,False,False,True,False,False,False,True,False,True,True
9,1449,27,False,True,False,False,False,False,True,False,False,True,True,False,True
48,5951,22,False,False,False,False,False,True,True,False,True,True,True,False,False
6,2063,30,False,False,False,False,False,True,True,False,False,True,False,True,True
21,2923,28,False,False,False,False,True,False,False,False,False,False,True,False,True
24,1546,24,True,False,False,False,False,True,True,False,False,False,False,True,False
24,5943,44,False,True,False,False,False,True,False,False,False,True,True,False,False
30,10623,38,True,False,True,False,False,False,True,True,False,True,False,False,True
12,1474,33,False,False,False,False,False,False,True,False,False,False,True,False,True
24,1371,25,True,False,False,False,True,False,False,False,True,True,False,True,False
24,1413,28,False,True,False,False,False,True,True,False,False,True,True,False,True
18,1149,46,False,True,True,False,False,True,False,False,True,True,True,False,True
24,4817,31,True,False,False,False,True,False,True,False,False,True,True,False,False
18,3850,27,False,True,True,False,False,False,True,False,False,True,True,False,True
12,1409,54,True,False,True,False,False,False,True,False,True,True,True,False,True
10,1521,31,False,False,False,False,False,False,True,False,False,True,True,False,True
12,1592,35,False,True,True,False,False,False,False,False,False,True,True,False,True
24,4712,37,False,False,False,False,False,False,False,False,False,False,True,False,True
15,1459,43,False,True,True,False,False,True,True,False,False,True,True,False,True
36,3535,37,False,True,True,False,True,False,True,False,False,True,True,False,True
6,1595,51,False,True,False,False,False,True,True,False,False,True,True,False,True
24,1199,60,True,False,True,False,True,False,True,False,False,True,True,False,False
36,2746,31,True,False,False,False,False,False,True,False,False,False,True,False,False
7,2329,45,False,False,False,False,False,True,True,False,True,True,True,False,True
18,7374,40,False,False,True,False,False,False,True,False,False,False,True,False,True
48,3060,28,False,False,False,False,False,True,True,False,True,True,True,False,False
18,1131,33,True,False,False,False,False,False,True,False,False,True,True,False,False
36,5179,29,True,False,False,False,False,False,True,False,False,True,True,False,False
18,1936,23,True,False,False,False,False,True,False,False,False,True,False,True,True
30,4583,32,True,False,False,True,False,False,True,False,True,True,True,False,True
36,15857,43,True,False,False,False,False,False,True,False,False,True,True,False,True
12,1163,44,False,True,True,False,True,False,False,False,True,True,True,False,True
30,8386,49,False,False,True,False,False,False,True,False,False,True,True,False,False
24,1207,24,True,False,False,False,True,False,True,False,False,True,False,True,False
18,1216,23,True,False,False,False,True,False,True,False,False,True,False,True,False
12,1185,27,False,True,True,False,False,False,True,False,True,True,True,False,True
12,1372,36,True,False,False,False,True,False,True,False,False,True,True,False,False
11,1322,40,False,False,True,False,True,False,False,False,False,True,True,False,True
6,683,29,False,False,False,False,False,True,True,False,False,False,True,False,True
10,1347,27,False,False,True,False,False,True,False,False,False,True,True,False,True
18,3244,33,False,False,False,True,False,False,True,False,False,False,True,False,True
12,1410,31,False,False,False,True,False,False,True,False,True,True,True,False,True
15,1905,40,False,False,False,False,False,False,True,False,False,True,False,True,True
18,3114,26,True,False,False,True,False,False,True,False,False,True,False,True,False
12,2279,37,False,True,False,False,False,True,False,True,False,True,False,False,True
12,759,26,True,False,False,False,True,False,True,False,True,True,True,False,False
18,1961,23,False,False,False,False,True,False,True,False,False,True,True,False,True
18,1245,33,False,False,True,False,False,True,True,False,False,True,True,False,False
24,2964,49,True,False,False,False,False,False,False,True,False,False,False,False,True
10,894,40,False,True,False,False,False,False,False,False,False,True,True,False,True
12,1274,37,True,False,False,False,True,False,True,False,True,True,True,False,False
30,2150,24,False,False,False,False,True,False,True,True,False,False,True,False,False
6,2647,44,True,False,False,False,False,True,False,False,True,True,False,True,True
12,685,25,False,False,False,False,True,False,True,False,False,False,True,False,False
18,4594,32,False,True,False,False,False,True,True,False,False,True,True,False,True
24,2872,36,False,True,True,False,False,True,False,False,True,True,True,False,True
18,2404,26,False,True,True,False,False,True,True,False,False,True,True,False,True
24,1231,57,True,False,True,False,False,True,False,False,False,True,False,True,True
48,3844,34,False,False,False,True,False,False,False,True,False,True,False,False,False
18,2238,25,False,True,True,False,False,True,True,False,False,True,True,False,True
36,9271,24,True,False,False,False,True,False,True,False,False,True,True,False,False
10,1597,40,False,True,False,False,True,False,False,True,False,True,False,True,True
27,8318,42,False,False,False,True,False,False,True,True,False,True,False,False,False
18,4439,33,False,False,False,False,False,False,True,False,True,False,True,False,True
12,1655,63,False,True,True,False,False,True,True,False,True,True,True,False,True
8,1237,24,False,False,False,False,False,False,True,False,True,True,True,False,False
12,900,23,True,False,False,False,True,False,False,False,False,True,True,False,False
48,8487,24,False,False,False,False,True,False,False,False,False,True,True,False,True
6,1050,35,False,False,False,False,False,False,True,False,False,False,True,False,True
6,1343,46,False,False,True,False,True,False,True,False,True,True,True,False,True
20,7057,36,False,False,False,False,False,False,False,False,False,False,False,True,True
10,2146,23,False,True,True,False,False,False,True,False,True,True,False,True,True
36,12612,47,False,False,False,False,False,False,False,True,False,True,False,False,False
6,343,27,True,False,False,False,False,False,True,False,True,True,True,False,True
24,6615,75,True,False,True,False,False,False,True,True,False,True,False,False,True
36,3342,51,False,True,True,False,False,True,False,False,False,True,True,False,True
24,1659,29,True,False,False,False,False,True,True,False,False,True,False,True,False
24,3868,41,False,True,True,False,False,False,True,False,False,True,False,True,True
18,1808,22,False,True,False,False,False,False,True,False,True,True,True,False,False
9,2134,48,False,True,True,False,True,False,True,False,False,True,True,False,True
12,1123,29,False,True,False,False,False,False,False,False,False,True,False,True,False
7,730,46,False,True,True,False,False,True,False,False,False,True,False,True,True
18,6458,39,False,True,False,False,True,False,True,True,False,False,True,False,False
18,2662,32,False,True,False,False,True,False,False,False,False,True,True,False,True
24,5804,27,False,True,True,False,False,False,False,False,True,True,True,False,True
12,1484,25,False,False,False,False,False,True,False,False,True,True,True,False,False
6,932,24,False,True,False,False,False,True,True,False,True,True,True,False,True
18,3190,24,True,False,False,False,False,True,True,False,True,True,True,False,False
18,4380,35,True,False,False,False,True,False,False,False,False,True,True,False,True
24,2325,32,True,False,False,False,True,False,False,False,False,False,True,False,True
12,1297,23,False,False,False,False,False,True,True,False,True,True,False,True,True
33,7253,35,False,True,True,False,False,False,True,False,False,True,True,False,True
24,2384,64,True,False,False,False,False,True,True,False,True,False,False,True,True
6,2116,41,False,False,False,False,False,False,True,False,True,True,True,False,True
12,585,20,False,False,False,False,False,True,True,False,True,True,False,True,True
9,3577,26,False,True,False,False,True,False,False,False,True,True,False,True,True
27,8613,27,False,True,False,False,False,False,False,False,False,True,True,False,True
6,484,28,False,False,False,False,False,True,True,False,True,False,True,False,True
42,3965,34,True,False,False,False,False,True,True,False,False,True,True,False,False
24,1376,28,False,True,False,False,False,True,False,False,False,True,True,False,True
60,7297,36,True,False,False,False,False,False,True,True,False,True,False,True,False
60,6288,42,False,False,False,False,False,False,True,True,False,True,False,False,False
18,4153,42,True,False,False,False,False,False,True,False,False,True,True,False,False
15,3368,23,False,True,True,False,False,False,False,True,False,True,False,True,True
18,1098,65,False,True,True,False,False,True,True,False,False,True,True,False,True
18,2124,24,True,False,True,False,False,False,True,False,True,True,False,True,False
15,3643,27,True,False,False,False,False,False,True,False,False,True,True,False,True
48,8858,35,False,True,True,False,False,False,False,True,False,True,False,False,True
21,3414,26,True,False,False,False,False,False,True,False,False,True,True,False,False
18,6070,33,False,True,True,False,False,True,True,False,False,True,True,False,True
4,1503,42,False,True,True,False,False,True,True,False,True,True,True,False,True
9,3074,33,False,True,True,False,False,True,False,False,True,True,True,False,True
24,1823,30,True,False,False,False,False,True,True,False,False,False,True,False,False
36,2323,24,False,False,False,False,False,True,True,False,False,True,False,True,True
42,6289,33,False,False,False,True,False,False,True,False,False,True,True,False,True
36,10477,42,False,True,True,False,False,False,False,True,False,True,False,False,True
12,2859,38,False,True,False,False,True,False,False,True,False,True,True,False,True
13,882,23,False,False,True,False,False,True,True,False,True,True,True,False,True
12,1881,44,False,False,False,False,False,True,True,False,False,True,False,True,True
18,1530,32,False,True,True,False,True,False,True,False,False,False,True,False,False
6,1323,28,False,False,True,False,True,False,False,False,False,True,True,False,True
36,3079,36,False,True,False,False,True,False,False,False,True,True,True,False,True
24,2760,36,False,False,False,False,False,False,False,True,False,False,False,False,True
36,2862,30,False,False,False,False,True,False,False,True,False,True,False,False,True
12,2133,52,False,True,False,False,True,False,False,True,False,True,False,False,True
20,3485,44,False,True,True,False,True,False,False,False,True,True,True,False,True
36,6229,23,True,False,True,False,False,False,True,True,False,True,False,True,False
36,4473,31,False,False,False,False,False,True,True,False,False,True,True,False,True
12,2012,61,False,True,True,False,False,False,False,False,False,True,True,False,True
24,3749,26,False,False,False,False,False,False,True,False,False,True,True,False,True
30,2831,33,False,True,True,False,False,True,True,False,False,True,True,False,True
21,2745,32,False,False,True,False,False,False,False,False,False,True,True,False,True
12,1262,49,True,False,False,False,False,False,False,False,False,True,True,False,True
24,6872,55,True,False,False,False,False,False,True,False,False,False,True,False,False
9,918,30,False,False,False,False,False,False,True,False,False,True,True,False,False
12,609,26,False,False,False,False,False,False,True,False,True,True,True,False,False
4,601,23,False,True,False,False,False,False,True,False,True,True,False,True,True
24,3234,23,True,False,False,False,False,False,True,False,True,True,False,True,False
30,6742,36,False,True,True,False,False,True,False,False,False,True,True,False,True
24,1603,55,True,False,False,False,False,True,True,False,False,True,True,False,True
36,2820,27,False,False,True,False,True,False,True,False,False,True,True,False,False
12,1804,44,False,False,True,False,False,False,False,False,False,True,True,False,True
18,1913,36,False,False,False,False,False,False,False,False,True,False,True,False,True
6,3676,37,True,False,True,False,True,False,True,False,True,True,False,True,True
12,1295,25,False,False,False,False,True,False,True,False,False,True,False,True,False
12,1200,23,True,False,False,False,False,False,False,False,False,False,False,True,True
12,1101,27,False,True,False,False,True,False,True,False,True,True,True,False,True
12,4675,20,False,True,False,False,False,False,False,False,False,True,False,True,True
36,2225,57,False,False,False,False,True,False,True,True,False,False,False,False,False
30,6350,31,True,False,False,False,False,False,False,False,False,True,True,False,False
12,1413,55,False,True,False,False,False,False,False,False,False,True,True,False,True
10,1275,23,False,False,False,False,False,False,True,False,False,True,True,False,True
24,2896,29,False,False,False,False,False,True,False,False,False,True,True,False,True
21,2241,50,False,True,False,False,False,False,True,False,True,True,True,False,True
18,2389,27,True,False,False,False,False,True,True,False,False,False,True,False,True
36,8133,30,False,True,False,False,False,False,True,False,False,False,True,False,True
18,2864,34,False,False,False,False,False,False,True,False,True,True,True,False,False
12,6078,32,False,False,False,False,True,False,True,False,False,True,True,False,True
6,368,38,False,False,False,False,False,True,False,False,False,True,True,False,True
12,385,58,True,False,True,False,False,True,True,False,True,True,True,False,True
10,1048,23,False,False,False,False,False,True,True,False,True,False,True,False,True
24,6419,44,True,False,True,False,False,False,True,True,False,True,False,False,True
24,1024,48,True,False,False,False,False,True,True,False,True,False,True,False,False
24,2303,45,True,False,False,False,True,False,True,False,True,True,True,False,False
9,458,24,False,False,False,False,False,True,True,False,True,True,True,False,True
12,2246,60,True,False,True,False,False,False,True,False,False,True,True,False,False
12,727,33,True,False,False,False,False,True,False,True,False,True,True,False,False
18,1453,26,False,True,False,False,False,True,True,False,True,True,True,False,True
12,2171,29,False,True,False,False,False,True,True,False,False,False,True,False,True
9,2697,32,False,True,False,False,False,True,True,False,True,True,True,False,True
12,1007,22,False,False,False,False,True,False,False,False,True,True,True,False,True
12,701,32,False,True,True,False,False,False,True,False,False,True,True,False,True
12,626,24,True,False,False,False,False,True,True,False,True,False,True,False,False
45,1845,23,True,False,False,False,False,True,True,True,False,True,False,False,False
60,14027,27,False,False,False,False,True,False,True,True,False,True,True,False,False
30,5771,25,False,True,True,False,False,True,True,False,False,True,True,False,True
24,1525,34,False,True,False,False,True,False,False,False,False,True,True,False,True
22,1283,25,False,True,False,False,True,False,False,False,False,True,False,True,True
6,518,29,False,True,False,False,False,True,True,False,True,True,True,False,True
48,7119,53,True,False,False,True,False,False,True,True,False,True,False,False,False
24,3021,24,True,False,False,False,False,False,True,False,True,True,False,True,True
48,2751,38,False,True,True,False,False,False,False,False,False,True,True,False,True
6,660,23,False,True,False,False,False,False,False,False,True,True,False,True,True
24,2463,27,False,True,True,False,True,False,False,False,False,True,True,False,True
18,2249,30,True,False,False,False,True,False,False,False,False,True,True,False,True
48,14421,25,False,False,False,True,False,False,True,False,False,True,True,False,False
18,3966,33,True,False,True,False,True,False,True,False,True,False,False,True,False
30,3077,40,False,True,True,False,False,True,False,False,False,True,True,False,True
9,959,29,False,False,False,False,False,False,True,False,False,True,True,False,False
9,745,28,False,False,False,False,False,True,True,False,True,True,True,False,False
24,2684,35,False,True,True,False,False,True,True,False,True,True,True,False,True
12,1393,47,False,True,False,False,False,False,True,False,False,False,True,False,True
18,1880,32,True,False,True,False,False,True,True,False,False,True,True,False,True
9,1199,67,False,False,False,False,False,False,True,False,False,True,True,False,True
24,3069,30,False,False,False,False,False,False,False,True,False,True,False,False,True
24,3972,25,False,True,False,False,False,False,True,False,False,True,False,True,True
6,14896,68,True,False,False,False,True,False,True,True,False,False,True,False,False
36,2302,31,True,False,False,False,False,True,True,False,False,True,False,True,False
8,731,47,True,False,True,False,True,False,True,False,True,True,True,False,True
15,1433,25,True,False,True,False,False,False,True,False,False,True,False,True,True
6,1338,62,False,True,False,False,False,False,False,False,True,True,True,False,True
18,1295,27,False,False,True,False,False,False,True,False,False,True,True,False,True
6,1872,36,True,False,True,False,False,False,True,True,False,True,False,False,True
18,884,36,False,False,True,False,True,False,True,False,False,False,True,False,False
24,2538,47,False,True,False,False,True,False,True,False,False,True,True,False,False
24,3105,25,False,True,False,False,False,True,False,False,False,True,True,False,True
48,7629,46,False,True,True,False,False,False,False,False,False,False,True,False,True
12,2171,38,True,False,True,False,True,False,True,False,False,False,True,False,True
18,2779,21,False,False,False,False,False,False,True,False,False,True,False,True,True
9,1138,25,True,False,True,False,False,True,True,False,True,True,True,False,True
12,1657,27,True,False,False,False,False,False,True,False,True,True,True,False,True
21,2767,61,False,False,False,False,False,False,False,False,False,False,False,True,False
18,1928,31,False,False,True,False,False,False,True,False,True,True,True,False,False
36,2384,33,False,False,False,False,False,False,True,True,False,True,False,True,False
9,1244,41,False,True,True,False,False,False,False,False,False,True,False,True,True
12,3331,42,False,True,True,False,False,False,True,False,False,False,True,False,True
24,1597,54,False,True,True,False,False,False,True,True,False,True,False,False,True
24,3863,32,False,True,False,False,False,False,True,True,False,True,False,False,True
12,709,57,True,False,False,False,False,True,True,False,True,False,True,False,False
15,802,37,False,False,False,False,False,True,True,False,False,True,True,False,False
12,1736,31,False,True,False,False,False,False,True,False,True,True,True,False,True
6,662,41,True,False,False,False,True,False,True,False,True,True,True,False,True
6,783,26,False,True,False,False,True,False,False,False,True,False,True,False,True
21,1835,25,True,False,False,False,False,True,True,False,True,True,True,False,False
6,932,39,False,False,True,False,False,False,False,False,False,True,True,False,True
6,1374,36,True,False,False,False,False,False,True,False,True,False,True,False,True
8,1164,51,True,False,True,False,False,False,True,True,False,False,False,False,True
48,6143,58,True,False,True,False,False,False,True,True,False,False,False,False,False
6,1204,35,False,True,False,True,True,False,False,True,False,False,False,True,True
6,433,24,False,False,False,False,False,False,False,False,False,False,False,True,False
12,1574,50,False,True,False,False,False,False,True,False,True,True,True,False,True
36,5800,34,False,False,True,False,False,False,True,False,False,True,True,False,True
24,3161,31,True,False,False,False,False,False,True,False,False,True,False,True,False
8,907,26,False,False,False,False,False,False,True,False,True,True,True,False,True
12,3447,35,False,True,False,False,False,False,False,False,True,True,True,False,True
36,2712,41,True,False,False,False,False,False,True,False,False,False,True,False,False
24,1938,32,True,False,False,False,False,True,True,False,False,True,True,False,False
24,1851,33,False,True,True,False,False,True,True,False,False,True,True,False,True
24,3512,38,False,False,False,False,True,False,False,False,False,False,True,False,True
18,2427,42,False,False,False,False,False,False,False,False,False,True,True,False,True
18,1190,55,True,False,True,False,False,False,True,True,False,True,False,False,False
10,1546,31,False,True,False,False,True,False,True,False,True,True,True,False,True
12,3017,34,False,False,False,False,False,False,True,False,True,True,False,True,True
9,276,22,False,False,False,False,True,False,True,False,True,True,False,True,True
12,926,38,False,True,True,False,True,False,True,False,False,True,True,False,True
9,1391,27,False,False,False,False,False,False,True,False,True,False,True,False,True
24,4057,43,False,False,False,False,False,False,True,False,False,True,True,False,False
6,931,32,False,False,False,False,True,False,False,False,False,False,True,False,False
10,2901,31,False,True,False,False,False,False,False,False,True,True,False,True,True
12,684,40,True,False,False,False,False,False,True,False,False,True,False,True,False
48,7476,50,True,False,False,False,False,False,True,True,False,True,False,False,True
15,2221,20,False,True,False,False,False,False,False,False,False,True,False,True,True
12,4843,43,True,False,True,False,True,False,True,False,False,True,False,True,False
18,2515,43,False,True,False,False,False,False,True,False,True,True,True,False,True
12,3651,31,True,False,False,False,True,False,False,False,False,True,True,False,True
4,1494,29,False,False,False,False,True,False,False,False,True,True,True,False,True
48,5381,40,False,False,False,False,False,False,False,True,False,False,False,False,True
12,3399,37,False,False,False,False,False,True,False,False,False,True,True,False,True
15,1478,44,True,False,True,False,False,False,True,False,False,True,True,False,True
6,1449,31,False,False,False,False,False,False,False,False,False,False,True,False,True
24,1743,48,False,False,True,False,False,True,True,False,False,True,True,False,True
12,3077,52,False,True,False,False,False,True,True,False,False,True,True,False,True
6,1766,21,False,True,False,False,False,False,True,False,False,True,False,True,True
9,2030,24,False,False,False,False,False,False,False,False,False,True,True,False,True
11,1154,57,False,True,True,False,False,True,False,False,True,True,True,False,True
20,4272,24,True,False,True,False,False,False,True,False,False,True,True,False,True
72,5595,24,False,False,False,False,False,True,False,False,False,True,True,False,False
12,2122,39,True,False,True,False,True,False,True,False,True,True,False,True,True
24,4139,27,False,True,True,False,False,False,False,False,False,True,True,False,True
7,846,36,False,True,False,False,False,True,False,True,False,True,False,False,True
15,1532,31,False,True,True,False,False,False,False,False,False,True,True,False,True
21,3976,35,False,False,False,False,False,False,False,False,False,True,True,False,True
12,766,66,False,False,False,False,False,True,False,False,True,True,True,False,False
24,1246,23,False,False,False,False,True,False,True,False,True,False,True,False,False
12,1542,36,False,True,False,False,False,False,True,False,False,True,True,False,True
24,929,31,False,True,False,False,False,False,False,False,False,False,True,False,True
15,3029,33,False,True,False,False,False,False,True,False,False,True,True,False,True
18,1533,43,False,True,False,False,False,False,True,False,False,True,True,False,False
48,6681,38,False,False,False,False,False,False,False,True,False,True,False,False,True
12,888,41,False,False,False,False,True,False,True,False,False,False,True,False,False
18,4297,40,False,False,False,False,False,False,True,True,False,True,True,False,False
30,1908,66,False,False,False,False,False,False,True,False,True,True,True,False,False
24,3235,26,False,True,False,False,False,True,False,False,False,True,True,False,True
60,7408,24,False,False,False,False,True,False,False,False,False,True,True,False,False
24,6568,21,True,False,False,False,False,False,True,False,False,False,True,False,True
24,3632,22,True,False,False,False,False,False,True,False,False,False,False,True,True
54,9436,39,False,True,False,True,False,False,False,False,False,True,True,False,True
